"","Rank","University","Score","City","Country","Continent"
"1","1","Massachusetts Institute of Technology (MIT) ","100","Cambridge","United States","North America"
"2","2","Stanford University","98.4","Stanford","United States","North America"
"3","3","Harvard University","97.9","Cambridge","United States","North America"
"4","4","California Institute of Technology (Caltech)","97","Pasadena","United States","North America"
"5","5","University of Oxford","96.7","Oxford","United Kingdom","Europe"
"6","6","ETH Zurich - Swiss Federal Institute of Technology","95","Zürich","Switzerland","Europe"
"7","7","University of Cambridge","94.3","Cambridge","United Kingdom","Europe"
"8","8","Imperial College London","93.6","London","United Kingdom","Europe"
"9","9","University of Chicago","93.1","Chicago","United States","North America"
"10","10","UCL","92.9","London","United Kingdom","Europe"
"11","11","National University of Singapore (NUS)","91.5","Singapore","Singapore","Asia"
"12","12","Princeton University","91","Princeton","United States","North America"
"13","13","Nanyang Technological University, Singapore (NTU)","89.9","Singapore","Singapore","Asia"
"14","14","EPFL","89.6","Lausanne","Switzerland","Europe"
"15","15","Tsinghua University","89.2","Beijing","China","Asia"
"16","16","University of Pennsylvania","88.6","Philadelphia","United States","North America"
"17","17","Yale University","88","New Haven","United States","North America"
"18","18","Cornell University","87.6","Ithaca","United States","North America"
"19","19","Columbia University","86.5","New York City","United States","North America"
"20","20","The University of Edinburgh","85.8","Edinburgh","United Kingdom","Europe"
"21","21","University of Michigan-Ann Arbor","84.6","Ann Arbor","United States","North America"
"22","22","The University of Hong Kong","83.7","Hong Kong","Hong Kong SAR China","Asia"
"23","23","Peking University","83.5","Beijing","China","Asia"
"24","24","The University of Tokyo","83.2","Tokyo","Japan","Asia"
"25","25","Johns Hopkins University","82.7","Baltimore","United States","North America"
"26","25","University of Toronto","82.7","Toronto","Canada","North America"
"27","27","The Hong Kong University of Science and Technology","82.1","Hong Kong","Hong Kong SAR China","Asia"
"28","27","The University of Manchester","82.1","Manchester","United Kingdom","Europe"
"29","29","Northwestern University","81.5","Evanston","United States","North America"
"30","30","University of California, Berkeley (UCB)","80.8","Berkeley","United States","North America"
"31","31","The Australian National University","80","Canberra","Australia","Oceania"
"32","31","King's College London","80","London","United Kingdom","Europe"
"33","31","McGill University","80","Montreal","Canada","North America"
"34","34","Fudan University","79.9","Shanghai","China","Asia"
"35","35","New York University (NYU)","79.4","New York City","United States","North America"
"36","36","University of California, Los Angeles (UCLA)","79.2","Los Angeles","United States","North America"
"37","37","Seoul National University","79","Seoul","South Korea","Asia"
"38","38","Kyoto University","78.9","Kyoto","Japan","Asia"
"39","39","KAIST - Korea Advanced Institute of Science & Technology","78.6","Daejeon","South Korea","Asia"
"40","40","The University of Sydney","77.1","Sydney","Australia","Oceania"
"41","41","The University of Melbourne","76.5","Parkville","Australia","Oceania"
"42","42","Duke University","76.4","Durham","United States","North America"
"43","43","The Chinese University of Hong Kong (CUHK)","75.8","Hong Kong","Hong Kong SAR China","Asia"
"44","44","The University of New South Wales (UNSW Sydney)","75.4","Sydney","Australia","Oceania"
"45","45","University of British Columbia","74.8","Vancouver","Canada","North America"
"46","46","The University of Queensland","74.5","Brisbane City","Australia","Oceania"
"47","47","Shanghai Jiao Tong University","74.4","Shanghai","China","Asia"
"48","48","City University of Hong Kong","74.3","Hong Kong","Hong Kong SAR China","Asia"
"49","49","The London School of Economics and Political Science (LSE)","73.9","London","United Kingdom","Europe"
"50","50","Technical University of Munich","73.6","Munich","Germany","Europe"
"51","51","Carnegie Mellon University","73.4","Pittsburgh","United States","North America"
"52","52","Université PSL","73.3","","France","Europe"
"53","53","Zhejiang University","71.9","Hangzhou","China","Asia"
"54","54","University of California, San Diego (UCSD)","71.2","San Diego","United States","North America"
"55","55","Monash University","70.9","Melbourne","Australia","Oceania"
"56","56","Tokyo Institute of Technology (Tokyo Tech)","70.8","Tokyo","Japan","Asia"
"57","57","Delft University of Technology","70.7","Delft","Netherlands","Europe"
"58","58","University of Bristol","70.6","","","Europe"
"59","59","Universiti Malaya (UM)","70.1","Kuala Lumpur","Malaysia","Asia"
"60","60","Brown University","70","Providence","United States","North America"
"61","61","University of Amsterdam","69.9","Amsterdam","Netherlands","Europe"
"62","61","Ecole Polytechnique","69.9","Palaiseau","France","Europe"
"63","62","The University of Warwick","69","Coventry","United Kingdom","Europe"
"64","63","Ludwig-Maximilians-Universität München","68.9","Munich","Germany","Europe"
"65","64","Ruprecht-Karls-Universität Heidelberg","68.6","Heidelberg","Germany","Europe"
"66","65","University of Wisconsin-Madison","68.2","Madison","United States","North America"
"67","66","National Taiwan University (NTU)","67.5","Taipei City","Taiwan","Asia"
"68","66","Universidad de Buenos Aires (UBA)","67.5","Buenos Aires","Argentina","Latin America"
"69","69","Korea University","67.1","Seoul","South Korea","Asia"
"70","69","University of Zurich","67.1","Zürich","Switzerland","Europe"
"71","71","University of Texas at Austin","66.7","Austin","United States","North America"
"72","72","Osaka University","66.1","Osaka City","Japan","Asia"
"73","72","University of Washington","66.1","Seattle","United States","North America"
"74","74","Lomonosov Moscow State University","65.9","Moscow","Russia","Europe"
"75","75","The Hong Kong Polytechnic University","65.8","Hong Kong","Hong Kong SAR China","Asia"
"76","76","University of Copenhagen","65.5","Copenhagen","Denmark","Europe"
"77","77","Pohang University of Science And Technology (POSTECH)","64.6","Pohang ","South Korea","Asia"
"78","77","University of Glasgow","64.6","Glasgow","United Kingdom","Europe"
"79","79","Tohoku University","64.3","Sendai City","Japan","Asia"
"80","80","Georgia Institute of Technology","64.1","Atlanta","United States","North America"
"81","81","The University of Auckland","64","Auckland","New Zealand","Oceania"
"82","82","University of Illinois at Urbana-Champaign","63.4","Champaign","United States","North America"
"83","83","Sorbonne University","63.3","","France","Europe"
"84","84","KU Leuven","63","Leuven","Belgium","Europe"
"85","86","Durham University","62.2","Durham","United Kingdom","Europe"
"86","85","Yonsei University","62.5","Seoul","South Korea","Asia"
"87","87","University of Birmingham","62","Birmingham","United Kingdom","Europe"
"88","88","Sungkyunkwan University (SKKU)","61.5","Suwon","South Korea","Asia"
"89","89","Rice University","61.4","Houston","United States","North America"
"90","90","University of Southampton","61.3","Southampton","United Kingdom","Europe"
"91","91","University of Leeds","61.2","Leeds","United Kingdom","Europe"
"92","92","The University of Western Australia","61","Perth","Australia","Oceania"
"93","93","The University of Sheffield","60.8","Sheffield","United Kingdom","Europe"
"94","93","University of Science and Technology of China","60.8","Hefei","China","Asia"
"95","95","University of North Carolina, Chapel Hill","60.6","Chapel Hill","United States","North America"
"96","96","University of St Andrews","60.3","St. Andrews","United Kingdom","Europe"
"97","97","Lund University","60.2","Lund","Sweden","Europe"
"98","98","KTH Royal Institute of Technology ","59.5","Stockholm","Sweden","Europe"
"99","99","University of Nottingham","59","Nottingham","United Kingdom","Europe"
"100","100","Universidad Nacional Autónoma de México  (UNAM)","58.8","Mexico City","Mexico","Latin America"
"101","101","Pennsylvania State University","58.4","University Park","United States","North America"
"102","101","Trinity College Dublin, The University of Dublin","58.4","Dublin","Ireland","Europe"
"103","103","Technical University of Denmark","57.9","Kongens Lyngby","Denmark","Europe"
"104","104","University of Helsinki","57.6","Helsinki","Finland","Europe"
"105","105","Washington University in St. Louis","56.9","St. Louis","United States","North America"
"106","106","The University of Adelaide","56.8","Adelaide","Australia","Oceania"
"107","106","University of Geneva","56.8","Geneva","Switzerland","Europe"
"108","108","The Ohio State University","56.4","Columbus","United States","North America"
"109","109","Purdue University","55.9","West Lafayette","United States","North America"
"110","110","Boston University","55.8","Boston","United States","North America"
"111","110","Nagoya University","55.8","Nagoya","Japan","Asia"
"112","112","University of California, Davis","55.3","Davis","United States","North America"
"113","113","University of Oslo","55.2","Oslo","Norway","Europe"
"114","=114","University of Bern","54.9","Bern","Switzerland","Europe"
"115","=114","Queen Mary University of London","55.1","London","United Kingdom","Europe"
"116","115","Universidade de São Paulo","54.8","São Paulo","Brazil","Latin America"
"117","115","Wageningen University & Research","54.8","Wageningen","Netherlands","Europe"
"118","117","Humboldt-Universität zu Berlin","54.5","Berlin","Germany","Europe"
"119","118","Université de Montréal ","54.3","Montreal","Canada","North America"
"120","119","University of Alberta","54","Edmonton","Canada","North America"
"121","120","Eindhoven University of Technology","53.9","Eindhoven","Netherlands","Europe"
"122","121","Pontificia Universidad Católica de Chile (UC)","53.8","Santiago","Chile","Latin America"
"123","121","University of Southern California","53.8","Los Angeles","United States","North America"
"124","121","Utrecht University","53.8","Utrecht","Netherlands","Europe"
"125","124","Kyushu University","53.7","Fukuoka City","Japan","Asia"
"126","124","Nanjing University","53.7","Nanjing","China","Asia"
"127","124","Uppsala University","53.7","Uppsala","Sweden","Europe"
"128","127","Aalto University","53.6","Espoo","Finland","Europe"
"129","128","Leiden University","53.4","Leiden","Netherlands","Europe"
"130","128","University of Groningen","53.4","Groningen","Netherlands","Europe"
"131","130","Freie Universitaet Berlin","53.2","Berlin","Germany","Europe"
"132","131","KIT, Karlsruhe Institute of Technology","52.9","Karlsruhe","Germany","Europe"
"133","132","Universiti Putra Malaysia (UPM)","52.7","Seri Kembangan","Malaysia","Asia"
"134","133","University of Technology Sydney","52.6","Haymarket","Australia","Oceania"
"135","135","Lancaster University","52.5","Lancaster","United Kingdom","Europe"
"136","135","Ghent University","52.5","Ghent","Belgium","Europe"
"137","137","Politecnico di Milano","52.4","Milan","Italy","Europe"
"138","138","CentraleSupélec","52.3","Saint-Aubin","France","Europe"
"139","139","Chalmers University of Technology","52.2","Gothenburg","Sweden","Europe"
"140","139","Hokkaido University","52.2","Sapporo","Japan","Asia"
"141","141","Universiti Kebangsaan Malaysia (UKM)","52","Bangi","Malaysia","Asia"
"142","142","Universiti Sains Malaysia (USM)","51.9","Gelugor","Malaysia","Asia"
"143","143","King Abdulaziz University (KAU)","51.7","Jeddah","Saudi Arabia","Asia"
"144","144","McMaster University","51.5","Hamilton","Canada","North America"
"145","145","RWTH Aachen University","51.4","Aachen","Germany","Europe"
"146","146","Hanyang University","51.3","Seoul","South Korea","Asia"
"147","147","Aarhus University","51","Aarhus","Denmark","Europe"
"148","148","Technische Universität Berlin (TU Berlin)","50.8","Berlin","Germany","Europe"
"149","149","University of Basel","50.6","Basel","Switzerland","Europe"
"150","150","University of Vienna","50.3","Vienna","Austria","Europe"
"151","150","University of York","50.3","York","United Kingdom","Europe"
"152","152","Newcastle University","50.2","Newcastle upon Tyne","United Kingdom","Europe"
"153","152","University of California, Santa Barbara (UCSB)","50.2","Santa Barbara","United States","North America"
"154","152","University of Maryland, College Park","50.2","College Park","United States","North America"
"155","155","Tecnológico de Monterrey","49.9","Monterrey","Mexico","Latin America"
"156","156","University of Pittsburgh","49.7","Pittsburgh","United States","North America"
"157","157","Michigan State University","49.6","East Lansing","United States","North America"
"158","158","Emory University","49.1","Atlanta","United States","North America"
"159","159","Cardiff University","48.5","Cardiff","United Kingdom","Europe"
"160","160","Alma Mater Studiorum - University of Bologna","48.2","Bologna","Italy","Europe"
"161","161","École Normale Supérieure de Lyon","48.1","Lyon","France","Europe"
"162","162","Case Western Reserve University","47.4","Cleveland","United States","North America"
"163","162","University of Florida","47.4","Gainesville","United States","North America"
"164","164","The University of Exeter","47.2","Exeter","United Kingdom","Europe"
"165","165","Al-Farabi Kazakh National University","46.9","Almaty","Kazakhstan","Asia"
"166","165","University of Rochester","46.9","Rochester","United States","North America"
"167","166","University of Waterloo","46.8","Waterloo","Canada","North America"
"168","168","National Tsing Hua University","46.4","Hsinchu City","Taiwan","Asia"
"169","169","Texas A&M University","46.2","College Station","United States","North America"
"170","169","University of Lausanne","46.2","Lausanne","Switzerland","Europe"
"171","171","Sapienza University of Rome","46.1","Rome","Italy","Europe"
"172","172","Indian Institute of Technology Bombay (IITB)","46","Mumbai","India","Asia"
"173","173","Technische Universität Dresden","45.9","Dresden","Germany","Europe"
"174","173","University of Bath","45.9","Bath","United Kingdom","Europe"
"175","175","Eberhard Karls Universität Tübingen","45.8","Tübingen","Germany","Europe"
"176","175","Albert-Ludwigs-Universitaet Freiburg","45.8","Freiburg im Breisgau","Germany","Europe"
"177","177","The Hebrew University of Jerusalem","45.7","Jerusalem","Israel","Asia"
"178","177","University College Dublin","45.7","Dublin","Ireland","Europe"
"179","177","University of Minnesota Twin Cities","45.7","Minneapolis","United States","North America"
"180","180","Universidad de Chile","45.6","Santiago","Chile","Latin America"
"181","181","Stockholm University","45.5","Stockholm","Sweden","Europe"
"182","181","University of Liverpool","45.5","Liverpool","United Kingdom","Europe"
"183","183","Universitat de Barcelona","45.4","Barcelona","Spain","Europe"
"184","184","University of Otago","45.3","Dunedin","New Zealand","Oceania"
"185","185","Indian Institute of Science","44.9","Bangalore","India","Asia"
"186","186","King Fahd University of Petroleum & Minerals","44.7","Dhahran","Saudi Arabia","Asia"
"187","187","Universiti Teknologi Malaysia ","44.2","Skudai","Malaysia","Asia"
"188","187","Vanderbilt University","44.2","Nashville","United States","North America"
"189","189","Université catholique de Louvain (UCLouvain)","44.1","Louvain-la-Neuve","Belgium","Europe"
"190","189","Waseda University","44.1","Tokyo","Japan","Asia"
"191","191","Keio University","44","Tokyo","Japan","Asia"
"192","191","Technische Universität Wien","44","Vienna","Austria","Europe"
"193","193","Indian Institute of Technology Delhi (IITD)","43.9","New Delhi","India","Asia"
"194","194","University of Bergen","43.4","Bergen","Norway","Europe"
"195","195","University of Göttingen","43.3","Göttingen","Germany","Europe"
"196","196","University of Wollongong","43.2","Wollongong","Australia","Oceania"
"197","197","Erasmus University Rotterdam ","43.1","Rotterdam","Netherlands","Europe"
"198","197","The University of Newcastle, Australia (UON)","43.1","Callaghan","Australia","Oceania"
"199","197","University of Twente","43.1","Enschede","Netherlands","Europe"
"200","200","Universidad Autónoma de Madrid","42.8","Madrid","Spain","Europe"
"201","200","Vrije Universiteit Brussel (VUB)","42.8","Brussels","Belgium","Europe"
"202","202","University of Gothenburg","42.7","Gothenburg","Sweden","Europe"
"203","203","Dartmouth College","42.6","Hanover","United States","North America"
"204","203","Western University","42.6","London","Canada","North America"
"205","205","University of Reading","42.3","Reading","United Kingdom","Europe"
"206","206","Complutense University of Madrid","41.9","Madrid","Spain","Europe"
"207","207","University of Aberdeen","41.8","Aberdeen","United Kingdom","Europe"
"208","208","Chulalongkorn University","41.6","Bangkok","Thailand","Asia"
"209","209","Queen's University Belfast","41.5","","","Europe"
"210","210","University of California, Irvine","41.4","Irvine","United States","North America"
"211","211","Khalifa University","41.2","Abu Dhabi","United Arab Emirates","Asia"
"212","211","University of Notre Dame","41.2","Notre Dame","United States","North America"
"213","213","Universitat Autònoma de Barcelona","40.9","Barcelona","Spain","Europe"
"214","214","Macquarie University","40.8","Sydney","Australia","Oceania"
"215","214","Radboud University ","40.8","Nijmegen","Netherlands","Europe"
"216","216","Università di Padova","40.6","Padova","Italy","Europe"
"217","217","Curtin University","40.5","Perth","Australia","Oceania"
"218","217","Queensland University of Technology (QUT)","40.5","Brisbane","Australia","Oceania"
"219","217","University of Virginia","40.5","Charlottesville","United States","North America"
"220","220","American University of Beirut (AUB)","40.4","Beirut ","Lebanon","Asia"
"221","220","Arizona State University","40.4","Phoenix","United States","North America"
"222","220","University of Cape Town","40.4","Cape Town","South Africa","Africa"
"223","223","RMIT University","40","Melbourne","Australia","Oceania"
"224","223","Victoria University of Wellington","40","Kelburn, Wellington","New Zealand","Oceania"
"225","225","Saint Petersburg State University","39.9","Saint Petersburg","Russia","Europe"
"226","226","Loughborough University","39.7","Loughborough","United Kingdom","Europe"
"227","227","Universidad de los Andes","39.6","Bogotá","Colombia","Latin America"
"228","228","Novosibirsk State University","39.4","Novosibirsk ","Russia","Europe"
"229","228","Universität Hamburg","39.4","Hamburg","Germany","Europe"
"230","230","Georgetown University","39.3","Washington D.C.","United States","North America"
"231","230","Tel Aviv University","39.3","Tel Aviv","Israel","Asia"
"232","230","University of Colorado Boulder","39.3","Boulder","United States","North America"
"233","233","Universidade Estadual de Campinas (Unicamp)","39.2","Campinas","Brazil","Latin America"
"234","234","Maastricht University ","38.9","Maastricht","Netherlands","Europe"
"235","234","National Cheng Kung University (NCKU)","38.9","Tainan City","Taiwan","Asia"
"236","236","Kyung Hee University","38.8","","South Korea","Asia"
"237","236","Vrije Universiteit Amsterdam","38.8","Amsterdam","Netherlands","Europe"
"238","238","National University of Ireland Galway","38.3","Galway","Ireland","Europe"
"239","238","University of Antwerp","38.3","Antwerp","Belgium","Europe"
"240","240","National Chiao Tung University","38.2","Hsinchu City","Taiwan","Asia"
"241","240","Rheinische Friedrich-Wilhelms-Universität Bonn","38.2","Bonn","Germany","Europe"
"242","242","Ecole des Ponts ParisTech","38.1","Paris","France","Europe"
"243","242","Sciences Po","38.1","Paris","France","Europe"
"244","242","University of Leicester","38.1","Leicester","United Kingdom","Europe"
"245","245","Qatar University","37.9","Doha","Qatar","Asia"
"246","246","Queen's University at Kingston","37.8","Kingston","Canada","North America"
"247","246","University of Calgary","37.8","Calgary","Canada","North America"
"248","246","University of Sussex","37.8","Brighton","United Kingdom","Europe"
"249","246","Wuhan University","37.8","Wuhan","China","Asia"
"250","250","Tomsk State University","37.7","Tomsk","Russia","Europe"
"251","250","Universite libre de Bruxelles","37.7","Brussels","Belgium","Europe"
"252","252","Mahidol University","37.5","Nakhon Pathom","Thailand","Asia"
"253","252","University of Navarra","37.5","Pamplona","Spain","Europe"
"254","254","Gadjah Mada University","37.4","Yogyakarta","Indonesia","Asia"
"255","254","Universiti Brunei Darussalam (UBD)","37.4","Bandar Seri Begawan","Brunei","Asia"
"256","256","Tongji University","37.2","Shanghai","China","Asia"
"257","256","University of Illinois at Chicago (UIC)","37.2","Chicago","United States","North America"
"258","258","Rutgers University–New Brunswick","37","New Brunswick","United States","North America"
"259","259","Universidad Nacional de Colombia","36.9","Bogotá","Colombia","Latin America"
"260","260","Charles University","36.7","Prague","Czechia","Europe"
"261","260","Harbin Institute of Technology","36.7","Harbin","China","Asia"
"262","260","Tufts University","36.7","Medford","United States","North America"
"263","263","Sun Yat-sen University","36.4","Guangzhou","China","Asia"
"264","264","Hong Kong Baptist University","36.3","Hong Kong","Hong Kong SAR China","Asia"
"265","265","Universität Innsbruck","36.2","Innsbruck","Austria","Europe"
"266","265","University of Tsukuba","36.2","Tsukuba City","Japan","Asia"
"267","267","National Taiwan University of Science and Technology (Taiwan Tech)","36","Taipei City","Taiwan","Asia"
"268","267","Technical University of Darmstadt","36","Darmstadt","Germany","Europe"
"269","267","University of Surrey","36","Guildford","United Kingdom","Europe"
"270","270","University of Canterbury | Te Whare Wānanga o Waitaha","35.9","Christchurch","New Zealand","Oceania"
"271","270","University of Massachusetts Amherst","35.9","Amherst","United States","North America"
"272","272","Massey University","35.8","Palmerston North","New Zealand","Oceania"
"273","273","USI - Università della Svizzera italiana","35.6","Lugano","Switzerland","Europe"
"274","273","The University of Arizona","35.6","Tucson","United States","North America"
"275","275","Deakin University","35.5","Burwood","Australia","Oceania"
"276","275","Indian Institute of Technology Madras (IITM)","35.5","Chennai","India","Asia"
"277","275","Graz University of Technology","35.5","Graz","Austria","Europe"
"278","275","Université de Paris","35.5","Paris","France","Europe"
"279","279","Beijing Normal University ","35.4","Beijing","China","Asia"
"280","279","University of Ottawa","35.4","Ottawa","Canada","North America"
"281","281","Moscow Institute of Physics and Technology (MIPT / Moscow Phystech)","35.3","Dolgoprudny","Russia","Europe"
"282","282","Bauman Moscow State Technical University","35.2","Moscow","Russia","Europe"
"283","282","University of Cologne","35.2","Cologne","Germany","Europe"
"284","284","United Arab Emirates University","35.1","Al Ain","United Arab Emirates","Asia"
"285","285","University of Tartu","35","Tartu","Estonia","Europe"
"286","286","University College Cork","34.9","Cork","Ireland","Europe"
"287","287","King Saud University","34.8","Riyadh","Saudi Arabia","Asia"
"288","287","Universitat Pompeu Fabra (Barcelona)","34.8","Barcelona","Spain","Europe"
"289","287","Université Paris 1 Panthéon-Sorbonne ","34.8","Paris","France","Europe"
"290","287","University of Turku","34.8","Turku","Finland","Europe"
"291","291","Dalhousie University","34.6","Halifax","Canada","North America"
"292","291","ENS Paris-Saclay","34.6","Cachan","France","Europe"
"293","291","Technion - Israel Institute of Technology","34.6","Haifa","Israel","Asia"
"294","291","University of Miami","34.6","Miami","United States","North America"
"295","295","Gwangju Institute of Science and Technology (GIST)","34.5","Gwangju","South Korea","Asia"
"296","295","North Carolina State University","34.5","Raleigh","United States","North America"
"297","295","University of South Australia","34.5","Magill","Australia","Oceania"
"298","298","HSE University","34.4","Moscow","Russia","Europe"
"299","298","National Yang Ming University","34.4","Taipei City","Taiwan","Asia"
"300","300","University of Strathclyde","34.3","Glasgow","United Kingdom","Europe"
"301","301","Heriot-Watt University","34.2","Edinburgh","United Kingdom","Europe"
"302","301","University of Milan","34.2","Milan","Italy","Europe"
"303","303","Griffith University","34.1","Nathan","Australia","Oceania"
"304","303","Xi’an Jiaotong University","34.1","Xi'an","China","Asia"
"305","305","Aalborg University","34","Aalborg","Denmark","Europe"
"306","305","Universitas Indonesia","34","Depok","Indonesia","Asia"
"307","305","Universit Paris-Saclay","34","Gif-sur-Yvette,","France","Europe"
"308","307","Universität Mannheim","33.7","Mannheim","Germany","Europe"
"309","308","Politecnico di Torino","33.5","Turin","Italy","Europe"
"310","308","Royal Holloway University of London","33.5","Egham","United Kingdom","Europe"
"311","308","University of Tasmania","33.5","Hobart","Australia","Oceania"
"312","311","Universidad Carlos III de Madrid (UC3M)","33.4","Madrid","Spain","Europe"
"313","311","Goethe-University Frankfurt am Main","33.4","Frankfurt","Germany","Europe"
"314","313","Bandung Institute of Technology (ITB)","33.3","Bandung","Indonesia","Asia"
"315","314","Indian Institute of Technology Kharagpur (IIT-KGP)","33.2","Kharagpur","India","Asia"
"316","314","National Research Nuclear University MEPhI (Moscow Engineering Physics Institute)","33.2","Moscow","Russia","Europe"
"317","314","Universitat Politècnica de Catalunya · BarcelonaTech (UPC)","33.2","Barcelona","Spain","Europe"
"318","317","Belarusian State University","33","Minsk","Belarus","Europe"
"319","317","Friedrich-Alexander-Universität Erlangen-Nürnberg","33","Erlangen","Germany","Europe"
"320","319"," University of Dundee","32.9","Dundee","United Kingdom","Europe"
"321","320","Indiana University Bloomington","32.6","Bloomington","United States","North America"
"322","321","Hiroshima University","32.3","Higashihiroshima City","Japan","Asia"
"323","321","University of Warsaw ","32.3","Warsaw","Poland","Europe"
"324","323","Simon Fraser University","32.1","Burnaby","Canada","North America"
"325","323","Southern University of Science and Technology","32.1","Shenzhen","China","Asia"
"326","323","Universität Jena","32.1","Jena","Germany","Europe"
"327","326","Jagiellonian University","31.9","Krakow","Poland","Europe"
"328","327","IE University","32","Segovia","Spain","Europe"
"329","326","Pontificia Universidad Católica Argentina","31.9","Buenos Aires","Argentina","Latin America"
"330","326","RUDN University","31.9","Moscow","Russia","Europe"
"331","326","Universitat Politècnica de València","31.9","València","Spain","Europe"
"332","326","Virginia Polytechnic Institute and State University","31.9","Blacksburg","United States","North America"
"333","331","National Taiwan Normal University","31.8","Taipei City","Taiwan","Asia"
"334","331","Ural Federal University - UrFU","31.8","Ekaterinburg","Russia","Europe"
"335","333","Ewha Womans University","31.7","Seoul","South Korea","Asia"
"336","333","Umea University","31.7","Umeå","Sweden","Europe"
"337","333","Universität Stuttgart","31.7","Stuttgart","Germany","Europe"
"338","333","University of East Anglia (UEA)","31.7","Norwich","United Kingdom","Europe"
"339","333","University of Hawaiʻi at Mānoa","31.7","Honolulu","United States","North America"
"340","333","University of Jyväskylä","31.7","Jyväskylä","Finland","Europe"
"341","333","University of Utah","31.7","Salt Lake City","United States","North America"
"342","341","Yeshiva University","31.6","New York City","United States","North America"
"343","342","Université Grenoble Alpes","31.5","Grenoble","France","Europe"
"344","342","University of Chemistry and Technology, Prague","31.5","Prague","Czechia","Europe"
"345","344","Birkbeck, University of London","31.4","London","United Kingdom","Europe"
"346","344","Ulm University","31.4","Ulm","Germany","Europe"
"347","346","SOAS University of London ","31.1","London","United Kingdom","Europe"
"348","346","University at Buffalo SUNY","31.1","Buffalo","United States","North America"
"349","348","American University of Sharjah","31","Sharjah","United Arab Emirates","Asia"
"350","348","MGIMO University","31","Moscow","Russia","Europe"
"351","350","City, University of London","30.9","London","United Kingdom","Europe"
"352","350","Indian Institute of Technology Kanpur (IITK)","30.9","Kanpur","India","Asia"
"353","350","Universiti Teknologi Brunei","30.9","Bandar Seri Begawan","Brunei","Asia"
"354","353","George Washington University","30.8","Ashburn","United States","North America"
"355","353","University of Southern Denmark (SDU)","30.8","Odense","Denmark","Europe"
"356","355","National University of Sciences And Technology (NUST) Islamabad","30.5","Islamabad","Pakistan","Asia"
"357","356","Westfälische Wilhelms-Universität Münster ","30.3","Münster","Germany","Europe"
"358","357","L.N. Gumilyov Eurasian National University (ENU)","30.2","Nur-Sultan","Kazakhstan","Asia"
"359","357","University of Lisbon ","30.2","Lisbon ","Portugal","Europe"
"360","357","University of Porto","30.2","Porto","Portugal","Europe"
"361","360","ITMO University","30.1","St. Petersburg","Russia","Europe"
"362","360","Norwegian University of Science And Technology","30.1","Trondheim","Norway","Europe"
"363","362","Johannes Kepler University Linz","30","Linz","Austria","Europe"
"364","362","Linköping University","30","Linköping","Sweden","Europe"
"365","362","Northeastern University","30","Boston","United States","North America"
"366","362","Tokyo Medical and Dental University (TMDU)","30","Tokyo","Japan","Asia"
"367","367","University of Macau","29.9","","","Asia"
"368","368","Brunel University London","29.7","","","Europe"
"369","368","Tilburg University","29.7","Tilburg","Netherlands","Europe"
"370","370","Kazan (Volga region) Federal University","29.5","Kazan","Russia","Europe"
"371","370","University of Victoria (UVic)","29.5","Victoria","Canada","North America"
"372","372","Swinburne University of Technology","29.4","Melbourne","Australia","Oceania"
"373","373","Pakistan Institute of Engineering and Applied Sciences (PIEAS)","29.2","Islamabad","Pakistan","Asia"
"374","373","Stony Brook University, State University of New York","29.2","Stony Brook","United States","North America"
"375","375","Sultan Qaboos University","29.1","Muscat","Oman","Asia"
"376","375","University of Waikato","29.1","Hamilton ","New Zealand","Oceania"
"377","377","Nankai University","29","Tianjin","China","Asia"
"378","377","Universidad de Palermo (UP)","29","Buenos Aires","Argentina","Latin America"
"379","379","Taylor's University","28.9","Subang Jaya","Malaysia","Asia"
"380","380","Universidade Federal do Rio de Janeiro","28.8","Rio de Janeiro","Brazil","Latin America"
"381","380","University of Kent","28.8","Canterbury","United Kingdom","Europe"
"382","380","Wake Forest University","28.8","Winston-Salem","United States","North America"
"383","383","Indian Institute of Technology Roorkee (IITR)","28.7","Roorkee","India","Asia"
"384","383","Oxford Brookes University","28.7","","","Europe"
"385","383","University of Pisa","28.7","Pisa","Italy","Europe"
"386","383","University of Kansas","28.7","Lawrence","United States","North America"
"387","387","Lincoln University","28.6","Lincoln","New Zealand","Oceania"
"388","387","Shanghai University","28.6","Shanghai","China","Asia"
"389","387","Taipei Medical University (TMU)","28.6","Taipei City","Taiwan","Asia"
"390","387","Tianjin University","28.6","Tianjin","China","Asia"
"391","391","UCSI University","28.5","Kuala Lumpur","Malaysia","Asia"
"392","392","Beijing Institute of Technology","28.4","Beijing","China","Asia"
"393","392","HUFS - Hankuk (Korea) University of Foreign Studies ","28.4","Seoul","South Korea","Asia"
"394","392","University of Naples - Federico II","28.4","Naples","Italy","Europe"
"395","392","Università Vita-Salute San Raffaele","28.4","Milan","Italy","Europe"
"396","396","Huazhong University of Science and Technology","28.2","Wuhan","China","Asia"
"397","396","University of the Philippines","28.2","Quezon City","Philippines","Asia"
"398","398","La Trobe University","28.1","Melbourne","Australia","Oceania"
"399","398","Université de Strasbourg","28.1","Strasbourg","France","Europe"
"400","398","University of Colorado, Denver ","28.1","Denver","United States","North America"
"401","401","Peter the Great St. Petersburg Polytechnic University","28","St. Petersburg","Russia","Europe"
"402","401","National Research Tomsk Polytechnic University","28","","Russia","Europe"
"403","403","Chung-Ang University (CAU)","27.9","Seoul","South Korea","Asia"
"404","403","Johannes Gutenberg Universität Mainz","27.9","Mainz","Germany","Europe"
"405","403","Kobe University","27.9","Kobe City","Japan","Asia"
"406","403","University of Trento","27.9","Trento","Italy","Europe"
"407","403","University of Witwatersrand","27.9","Johannesburg","South Africa","Africa"
"408","408","University of Oulu","27.7","Oulu","Finland","Europe"
"409","409","Sharif University of Technology","27.6","Tehran","Iran","Asia"
"410","409","Tampere University","27.6","Tampere","Finland","Europe"
"411","411","The American University in Cairo","27.5","Cairo","Egypt","Africa"
"412","411","Essex, University of","27.5","Colchester","United Kingdom","Europe"
"413","411","Washington State University","27.5","Pullman","United States","North America"
"414","414","Bond University","27.4","Gold Coast","Australia","Oceania"
"415","414","Tulane University","27.4","New Orleans","United States","North America"
"416","416","Goldsmiths, University of London","27.2","London","United Kingdom","Europe"
"417","416","National Sun Yat-sen University","27.2","Kaohsiung City","Taiwan","Asia"
"418","416","University of California, Santa Cruz","27.2","Santa Cruz","United States","North America"
"419","416","University of Tromsø The Arctic University of Norway","27.2","Tromsø","Norway","Europe"
"420","420","Université Laval","27.1","Québec","Canada","North America"
"421","420","Universidade Federal de São Paulo","27.1","São Paulo","Brazil","Latin America"
"422","420","University of Iowa","27.1","Iowa City","United States","North America"
"423","423","Flinders University","27","Adelaide","Australia","Oceania"
"424","423","Vilnius University ","27","Vilnius","Lithuania","Europe"
"425","425","University of Bordeaux","26.9","Talence","France","Europe"
"426","426","Illinois Institute of Technology","26.8","Chicago","United States","North America"
"427","426","Pontificia Universidad Javeriana","26.8","Bogotá","Colombia","Latin America"
"428","428","The National University of Science and Technology MISIS","26.6","Moscow","Russia","Europe"
"429","428","Universidade Nova de Lisboa","26.6","Lisbon","Portugal","Europe"
"430","428","University of St.Gallen (HSG)","26.6","St. Gallen","Switzerland","Europe"
"431","431","University of Coimbra","26.5","Coimbra","Portugal","Europe"
"432","432","Czech Technical University in Prague","26.4","Prague","Czechia","Europe"
"433","432","Pontificia Universidad Catolica del Peru","26.4","Lima","Peru","Latin America"
"434","432","University of Florence","26.4","Florence","Italy","Europe"
"435","432","The University of Tennessee, Knoxville","26.4","Knoxville","United States","North America"
"436","432","Xiamen University","26.4","Xiamen","China","Asia"
"437","437","Auckland University of Technology (AUT)","26.2","Auckland","New Zealand","Oceania"
"438","437","Julius-Maximilians-Universität Würzburg","26.2","Würzburg","Germany","Europe"
"439","439","Dublin City University","26","Dublin","Ireland","Europe"
"440","439","Ruhr-Universität Bochum","26","Bochum","Germany","Europe"
"441","439","Universiti Teknologi PETRONAS (UTP)","26","Seri Iskandar","Malaysia","Asia"
"442","439","University of Johannesburg","26","Johannesburg","South Africa","Africa"
"443","443","Colorado State University","25.9","Fort Collins","United States","North America"
"444","443","Universidad Austral","25.9","Pilar","Argentina","Latin America"
"445","443","Universität Konstanz","25.9","Konstanz","Germany","Europe"
"446","446","Ben-Gurion University of The Negev","25.8","Be'er Sheva","Israel","Asia"
"447","446","Brandeis University","25.8","Waltham","United States","North America"
"448","446","University of Science and Technology Beijing","25.8","Beijing","China","Asia"
"449","449","Beihang University (former BUAA)","25.7","Beijing","China","Asia"
"450","449","University of California, Riverside","25.7","Riverside","United States","North America"
"451","451","Universidad Politécnica de Madrid (UPM)","25.6","Madrid","Spain","Europe"
"452","451","Universität des Saarlandes","25.6","Saarbrücken","Germany","Europe"
"453","451","Université de Liège","25.6","Liège","Belgium","Europe"
"454","454","Boston College","25.5","Chestnut Hill","United States","North America"
"455","454","Quaid-i-Azam University","25.5","Islamabad","Pakistan","Asia"
"456","456","Dongguk University ","25.4","Seoul","South Korea","Asia"
"457","456","Florida State University","25.4","Tallahassee","United States","North America"
"458","456","Hasselt University ","25.4","Diepenbeek","Belgium","Europe"
"459","456","Stellenbosch University","25.4","Stellenbosch","South Africa","Africa"
"460","456","The Catholic University of Korea ","25.4","Gyeonggi","South Korea","Asia"
"461","456","University of Canberra ","25.4","Bruce","Australia","Oceania"
"462","462","James Cook University","25.3","Townsville","Australia","Oceania"
"463","462","South China University of Technology","25.3","Guangzhou","China","Asia"
"464","462","Universidad ORT Uruguay","25.3","Montevideo","Uruguay","Latin America"
"465","465","Koç University","25.2","Istanbul","Turkey","Asia"
"466","465","National Central University","25.2","Taoyuan City","Taiwan","Asia"
"467","465","Universidad de Belgrano","25.2","Buenos Aires","Argentina","Latin America"
"468","465","University of Saskatchewan","25.2","Saskatoon","Canada","North America"
"469","465","Yokohama City University","25.2","Yokohama City","Japan","Asia"
"470","470","Indian Institute of Technology Guwahati (IITG)","25.1","Guwahati","India","Asia"
"471","470","Lappeenranta-Lahti University of Technology LUT","25.1","Lappeenranta","Finland","Europe"
"472","470","Martin-Luther-Universität Halle-Wittenberg","25.1","Halle","Germany","Europe"
"473","470","Rensselaer Polytechnic Institute","25.1","Troy","United States","North America"
"474","474","Swansea University","25","Swansea","United Kingdom","Europe"
"475","474","Umm Al-Qura University ","25","Makkah","Saudi Arabia","Asia"
"476","474"," Western Sydney University","25","Milperra","Australia","Oceania"
"477","477","Amirkabir University of Technology","24.8","Tehran","Iran","Asia"
"478","477","Concordia University","24.8","Montreal","Canada","North America"
"479","477","National Technical University of Athens","24.8","Athens","Greece","Europe"
"480","477","University of Cyprus (UCY)","24.8","Nicosia","Cyprus","Europe"
"481","477","V. N. Karazin Kharkiv National University","24.8","Kharkiv","Ukraine","Europe"
"482","477","Wayne State University","24.8","Detroit","United States","North America"
"483","483","Universität  Leipzig","24.7","Leipzig","Germany","Europe"
"484","483","University of Missouri, Columbia","24.7","Columbia","United States","North America"
"485","485","Aberystwyth University","24.6","Aberystwyth","United Kingdom","Europe"
"486","485","Shandong University","24.6","Jinan","China","Asia"
"487","485","University of Stirling","24.6","Stirling","United Kingdom","Europe"
"488","488","Chiba University","24.5","Chiba City","Japan","Asia"
"489","488","National Taipei University of Technology","24.5","Taipei City","Taiwan","Asia"
"490","490","Auezov South Kazakhstan University (SKU)","24.4","Shymkent","Kazakhstan","Asia"
"491","490","Sogang University","24.4","Seoul","South Korea","Asia"
"492","492","Universidad de Montevideo (UM)","24.3","Montevideo","Uruguay","Latin America"
"493","493","Chang Gung University","24.2","Taoyuan City","Taiwan","Asia"
"494","493","Far Eastern Federal University","24.2","Vladivostok","Russia","Europe"
"495","493","Jilin University","24.2","Changchun","China","Asia"
"496","493","Southeast University","24.2","Nanjing","China","Asia"
"497","493","UNESP","24.2","Sao Paulo","Brazil","Latin America"
"498","498","Universidad de La Habana","24.1","Havana","Cuba","Latin America"
"499","499","Oregon State University","23.9","Corvallis","United States","North America"
"500","499","Universidad de Alcalá","23.9","Alcalá de Henares","Spain","Europe"
"501","499","University of Eastern Finland","23.9","Kuopio","Finland","Europe"
"502","501-510","Christian-Albrechts-University zu Kiel","","Kiel","Germany","Europe"
"503","501-510","East China Normal University","","Shanghai","China","Asia"
"504","501-510","Hitotsubashi University","","Kunitachi City","Japan","Asia"
"505","501-510","The University of Georgia","","Athens","United States","North America"
"506","501-510","University of Granada","","Granada","Spain","Europe"
"507","501-510","Universidad de Santiago de Chile (USACH)","","Santiago","Chile","Latin America"
"508","501-510","Universidad de Zaragoza","","Zaragoza","Spain","Europe"
"509","501-510","University of Balamand","","Beirut","Lebanon","Asia"
"510","501-510","University of Connecticut","","Storrs","United States","North America"
"511","501-510","University of Delhi","","New Delhi","India","Asia"
"512","501-510","University of Szeged","","Szeged","Hungary","Europe"
"513","511-520","Aston University","","Birmingham","United Kingdom","Europe"
"514","511-520","Singapore Management University","","Singapore","Singapore","Asia"
"515","511-520","Università Cattolica del Sacro Cuore","","Milan","Italy","Europe"
"516","511-520","University of Rome ""Tor Vergata""","","Rome","Italy","Europe"
"517","511-520","Aix-Marseille University","","Marseille","France","Europe"
"518","511-520","Université de Montpellier","","Montpellier","France","Europe"
"519","511-520","University of Klagenfurt","","Klagenfurt","Austria","Europe"
"520","511-520","University of Limerick","","Limerick","Ireland","Europe"
"521","511-520","Warsaw University of Technology","","Warsaw","Poland","Europe"
"522","521-530","Airlangga University","","Surabaya","Indonesia","Asia"
"523","521-530","Imam Abdulrahman Bin Faisal University (IAU)","","Dammam","Saudi Arabia","Asia"
"524","521-530","National Research Saratov State University","","Saratov","Russia","Europe"
"525","521-530","Sabanci University","","Istanbul","Turkey","Asia"
"526","521-530","University of Turin","","Turin","Italy","Europe"
"527","521-530","University of Bayreuth","","Bayreuth","Germany","Europe"
"528","521-530","University of Debrecen","","Debrecen","Hungary","Europe"
"529","521-530","University of Milano-Bicocca ","","Milan","Italy","Europe"
"530","521-530","University of Ulsan ","","Ulsan","South Korea","Asia"
"531","531-540","Bogor Agricultural University","","Bogor","Indonesia","Asia"
"532","531-540","Inha University","","Incheon","South Korea","Asia"
"533","531-540","Justus-Liebig-University Giessen","","Giessen","Germany","Europe"
"534","531-540","Masaryk University","","Brno","Czechia","Europe"
"535","531-540","Nagasaki University","","Nagasaki City","Japan","Asia"
"536","531-540","Northwestern Polytechnical University","","Xi'an","China","Asia"
"537","531-540","Sichuan University","","Chengdu","China","Asia"
"538","531-540","Universidad Central ""Marta Abreu"" de Las Villas","","Santa Clara","Cuba","Latin America"
"539","531-540","Universiti Utara Malaysia (UUM)","","Sintok","Malaysia","Asia"
"540","531-540","University of Texas Dallas","","Richardson","United States","North America"
"541","531-540","York University","","Toronto","Canada","North America"
"542","541-550","Coventry University","","Coventry","United Kingdom","Europe"
"543","541-550","Institut National des Sciences Appliquées de Lyon (INSA)","","Lyon","France","Europe"
"544","541-550","Iowa State University","","Ames","United States","North America"
"545","541-550","Niigata University","","Niigata City","Japan","Asia"
"546","541-550","Osaka City University","","Osaka City","Japan","Asia"
"547","541-550","Satbayev University","","Almaty","Kazakhstan","Asia"
"548","541-550","Universität Bremen","","Bremen","Germany","Europe"
"549","541-550","University Paris 2 Panthéon-Assas","","","","Europe"
"550","541-550","Saint Joseph University of Beirut (USJ) ","","Beirut","Lebanon","Asia"
"551","541-550","University of Delaware","","Newark","United States","North America"
"552","551-560","Ajou University ","","Suwon","South Korea","Asia"
"553","551-560","Bar-Ilan University","","Ramat Gan","Israel","Asia"
"554","551-560","Bilkent University","","Ankara","Turkey","Asia"
"555","551-560","Hallym University ","","Chuncheon","South Korea","Asia"
"556","551-560","Konkuk University ","","Seoul","South Korea","Asia"
"557","551-560","Lebanese American University","","Byblos","Lebanon","Asia"
"558","551-560","Lehigh University","","Bethlehem","United States","North America"
"559","551-560","Management and Science University","","Shah Alam","Malaysia","Asia"
"560","551-560","Technische Universität Braunschweig","","Braunschweig","Germany","Europe"
"561","551-560","Université Paul Sabatier Toulouse III","","Toulouse","France","Europe"
"562","551-560","Victoria University ","","Melbourne","Australia","Oceania"
"563","561-570","Cairo University","","Giza","Egypt","Africa"
"564","561-570","Kumamoto University","","Kumamoto City","Japan","Asia"
"565","561-570","Kyungpook National University","","Daegu","South Korea","Asia"
"566","561-570","The New School","","New York","United States","North America"
"567","561-570","Thammasat University","","Bangkok","Thailand","Asia"
"568","561-570","Universidad Externado de Colombia ","","Bogotá","Colombia","Latin America"
"569","561-570","University of Nebraska - Lincoln","","Lincoln","United States","North America"
"570","561-570","University of Pretoria","","Pretoria","South Africa","Africa"
"571","571-580","Abo Akademi University","","Turku","Finland","Europe"
"572","571-580","Altai State University","","Barnaul","Russia","Europe"
"573","571-580","Aristotle University of Thessaloniki","","Thessaloniki","Greece","Europe"
"574","571-580","China University of Geosciences","","Wuhan","China","Asia"
"575","571-580","Lingnan University, Hong Kong","","Hong Kong","Hong Kong SAR China","Asia"
"576","571-580","Murdoch University","","Murdoch","Australia","Oceania"
"577","571-580","Okayama University","","Okayama City","Japan","Asia"
"578","571-580","Universidad de Costa Rica","","San Jose","Costa Rica","Latin America"
"579","571-580","Universidad Panamericana (UP)","","Mexico City","Mexico","Latin America"
"580","571-580","University of Guelph","","Guelph","Canada","North America"
"581","571-580","University of South Carolina","","Columbia","United States","North America"
"582","581-590","Clark University","","Worcester","United States","North America"
"583","581-590","Karl-Franzens-Universitaet Graz","","Graz","Austria","Europe"
"584","581-590","Kingston University, London","","Kingston upon Thames","United Kingdom","Europe"
"585","581-590","National Chengchi University","","Taipei City","Taiwan","Asia"
"586","581-590","Pusan National University","","Busan","South Korea","Asia"
"587","581-590","Renmin (People's) University of China","","Beijing","China","Asia"
"588","581-590","Universidad de Sevilla","","Seville","Spain","Europe"
"589","581-590","University of Aveiro","","Aveiro","Portugal","Europe"
"590","581-590","University of South Florida","","Tampa","United States","North America"
"591","591-600","Central Queensland University (CQUniversity Australia)","","Norman Gardens","Australia","Oceania"
"592","591-600","Dalian University of Technology","","Dalian","China","Asia"
"593","591-600","Jeonbuk National University","","Jeonju","South Korea","Asia"
"594","591-600","Kanazawa University","","Kanazawa","Japan","Asia"
"595","591-600","Kazakh National Agrarian University KazNAU","","Almaty","Kazakhstan","Asia"
"596","591-600","Palacký University Olomouc","","","","Europe"
"597","591-600","Samara National Research University (Samara University)","","Samara","Russia","Europe"
"598","591-600","Southern Federal University","","Rostov-on-Don","Russia","Europe"
"599","591-600","Universitat de Valencia","","València","Spain","Europe"
"600","591-600","University of Minho","","Braga","Portugal","Europe"
"601","591-600","University of Tehran","","Tehran","Iran","Asia"
"602","601-650","American University in Dubai","","Dubai","United Arab Emirates","Asia"
"603","601-650","Ateneo de Manila University","","Quezon City","Philippines","Asia"
"604","601-650","Bangor University","","","","Europe"
"605","601-650","Carleton University","","Ottawa","Canada","North America"
"606","601-650","Chiang Mai University","","Chiang Mai","Thailand","Asia"
"607","601-650","Drexel University","","Philadelphia","United States","North America"
"608","601-650","East China University of Science and Technology","","Shanghai","China","Asia"
"609","601-650","Eötvös Loránd University","","Budapest","Hungary","Europe"
"610","601-650","Gifu University","","Gifu City","Japan","Asia"
"611","601-650","Holy Spirit University of Kaslik ","","Jounieh","Lebanon","Asia"
"612","601-650","Hunan University ","","Changsha","China","Asia"
"613","601-650","Indian Institute of Technology Hyderabad","","Sangareddy","India","Asia"
"614","601-650","Instituto Tecnológico de Buenos Aires (ITBA)","","Buenos Aires","Argentina","Latin America"
"615","601-650","International Islamic University Malaysia (IIUM)","","Kuala Lumpur","Malaysia","Asia"
"616","601-650","Iran University of Science and Technology","","Tehran","Iran","Asia"
"617","601-650","Ivane Javakhishvili Tbilisi State University","","","Georgia","Asia"
"618","601-650","Jinan University (China)","","Guangzhou","China","Asia"
"619","601-650","Abai Kazakh National Pedagogical University","","Almaty","Kazakhstan","Asia"
"620","601-650","King Khalid University","","Abha","Saudi Arabia","Asia"
"621","601-650","Free University of Bozen-Bolzano","","Bolzano","Italy","Europe"
"622","601-650","Lobachevsky University","","Nizhny Novgorod","Russia","Europe"
"623","601-650","Michigan Technological University","","Houghton","United States","North America"
"624","601-650","Middle East Technical University","","Ankara","Turkey","Asia"
"625","601-650","Missouri University of Science and Technology","","Rolla","United States","North America"
"626","601-650","National Chung Hsing University","","Taichung City","Taiwan","Asia"
"627","601-650","Shenzhen University","","Shenzhen","China","Asia"
"628","601-650","Smith College","","Northampton","United States","North America"
"629","601-650","Sofia University ""St. Kliment Ohridski""","","Sofia","Bulgaria","Europe"
"630","601-650","Syracuse University","","Syracuse","United States","North America"
"631","601-650","Taras Shevchenko National University of Kyiv","","Kyiv","Ukraine","Europe"
"632","601-650","Tokushima University","","Tokushima City","Japan","Asia"
"633","601-650","Tokyo University of Agriculture and Technology ","","Tokyo","Japan","Asia"
"634","601-650","Ulster University","","Coleraine","United Kingdom","Europe"
"635","601-650","Universidad de Concepción","","Concepción","Chile","Latin America"
"636","601-650","University of Salamanca","","Salamanca","Spain","Europe"
"637","601-650","Università degli Studi di Pavia","","Pavia","Italy","Europe"
"638","601-650","Universitat Ramon Llull","","Barcelona","Spain","Europe"
"639","601-650","Universität Regensburg","","Regensburg","Germany","Europe"
"640","601-650","Université de Fribourg","","Fribourg","Switzerland","Europe"
"641","601-650","Université du Québec","","Québec","Canada","North America"
"642","601-650","Université Côte d'Azur","","","France","Europe"
"643","601-650","University of Bradford","","Bradford","United Kingdom","Europe"
"644","601-650","University of Cincinnati","","Cincinnati","United States","North America"
"645","601-650","University of Hull","","Hull","United Kingdom","Europe"
"646","601-650","University of Jordan","","Amman","Jordan","Asia"
"647","601-650","University of Kentucky","","Lexington","United States","North America"
"648","601-650","University of Ljubljana","","Ljubljana","Slovenia","Europe"
"649","601-650","University of Manitoba","","Winnipeg","Canada","North America"
"650","601-650","University of New Mexico","","Albuquerque","United States","North America"
"651","601-650","University of Oregon","","Eugene","United States","North America"
"652","601-650","University of Portsmouth","","Portsmouth","United Kingdom","Europe"
"653","601-650","University of Sharjah","","","United Arab Emirates","Asia"
"654","601-650","University of Vermont","","Burlington","United States","North America"
"655","651-700","American University","","Washington D.C.","United States","North America"
"656","651-700","Applied Science University - Bahrain","","Al-Ekir","Bahrain","Asia"
"657","651-700","Beijing University of Technology","","Beijing","China","Asia"
"658","651-700","Bogaziçi Üniversitesi","","Istanbul","Turkey","Asia"
"659","651-700","Brno University of Technology","","Brno","Czechia","Europe"
"660","651-700","Central South University","","","","Asia"
"661","651-700","City University of New York","","New York City","United States","North America"
"662","651-700","Edith Cowan University ","","Joondalup","Australia","Oceania"
"663","651-700","Howard University","","Washington D.C.","United States","North America"
"664","651-700","Jadavpur University","","Kolkata","India","Asia"
"665","651-700","Jordan University of Science & Technology","","Irbid","Jordan","Asia"
"666","651-700","Kagoshima University","","Kagoshima City","Japan","Asia"
"667","651-700","Lahore University of Management Sciences (LUMS)","","Lahore","Pakistan","Asia"
"668","651-700","Leibniz University Hannover","","Hanover","Germany","Europe"
"669","651-700","National and Kapodistrian University of Athens","","Athens","Greece","Europe"
"670","651-700","National Technical University  ""Kharkiv Polytechnic Institute""","","Kharkiv","Ukraine","Europe"
"671","651-700","Northumbria University at Newcastle","","Newcastle upon Tyne","United Kingdom","Europe"
"672","651-700","O.P. Jindal Global University","","Sonipat","India","Asia"
"673","651-700","Osaka Prefecture University ","","Osaka City","Japan","Asia"
"674","651-700","Pavol Jozef Šafárik University in Košice","","","Slovakia","Europe"
"675","651-700","Philipps-Universität Marburg ","","Marburg","Germany","Europe"
"676","651-700","Pontifícia Universidade Católica do Rio de Janeiro","","Rio de Janeiro","Brazil","Latin America"
"677","651-700","Savitribai Phule Pune University","","Pune","India","Asia"
"678","651-700","Sejong University ","","Seoul","South Korea","Asia"
"679","651-700","Soochow University","","Suzhou","China","Asia"
"680","651-700","Tallinn University of Technology (TalTech)","","Tallinn","Estonia","Europe"
"681","651-700","Tokyo Metropolitan University","","Tokyo","Japan","Asia"
"682","651-700","Universidad Anáhuac México","","Huixquilucan","Mexico","Latin America"
"683","651-700","Universidad de Antioquia","","Medellin","Colombia","Latin America"
"684","651-700","Universidad ICESI","","Cali","Colombia","Latin America"
"685","651-700","Universidad Nacional de La Plata (UNLP)","","La Plata","Argentina","Latin America"
"686","651-700","Universidad Pontificia Bolivariana ","","Medellín","Colombia","Latin America"
"687","651-700","Universidad Pontificia Comillas","","Madrid","Spain","Europe"
"688","651-700","Universidad Torcuato Di Tella","","Buenos Aires","Argentina","Latin America"
"689","651-700","Universidade Federal de Minas Gerais      ","","Belo Horizonte","Brazil","Latin America"
"690","651-700","University of Genoa","","Genoa","Italy","Europe"
"691","651-700","University of Siena","","Siena","Italy","Europe"
"692","651-700","University of Hohenheim","","Stuttgart","Germany","Europe"
"693","651-700","Universiti Teknologi MARA - UiTM","","Shah Alam","Malaysia","Asia"
"694","651-700","University of Denver","","Denver","United States","North America"
"695","651-700","University of Hyderabad","","Hyderabad","India","Asia"
"696","651-700","University of Massachusetts Boston","","Boston","United States","North America"
"697","651-700","University of Mons ","","Mons","Belgium","Europe"
"698","651-700","University of Oklahoma","","Norman","United States","North America"
"699","651-700","University of Pecs","","Pécs","Hungary","Europe"
"700","651-700","University of Plymouth","","Plymouth","United Kingdom","Europe"
"701","651-700","University of Westminster","","London","United Kingdom","Europe"
"702","651-700","Vilnius Gediminas Technical University (VILNIUS TECH)","","Vilnius","Lithuania","Europe"
"703","651-700","Virginia Commonwealth University","","Richmond","United States","North America"
"704","651-700","College of William and Mary","","Williamsburg","United States","North America"
"705","701-750","Abu Dhabi University","","Abu Dhabi","United Arab Emirates","Asia"
"706","701-750","Ajman University","","Ajman","United Arab Emirates","Asia"
"707","701-750","Charles Darwin University ","","Casuarina","Australia","Oceania"
"708","701-750","China Agricultural University ","","Beijing","China","Asia"
"709","701-750","Chonnam National University","","Gwangju","South Korea","Asia"
"710","701-750","Comenius University in Bratislava","","Bratislava","Slovakia","Europe"
"711","701-750","Gunma University","","Maebashi","Japan","Asia"
"712","701-750","Instituto Politécnico Nacional (IPN)","","Ciudad de México","Mexico","Latin America"
"713","701-750","Instituto Tecnológico Autónomo de México (ITAM)","","Mexico City","Mexico","Latin America"
"714","701-750","Kansas State University ","","Manhattan","United States","North America"
"715","701-750","Kaohsiung Medical University","","Kaohsiung City","Taiwan","Asia"
"716","701-750","Keele University ","","Keele","United Kingdom","Europe"
"717","701-750","Lebanese University","","Beirut","Lebanon","Asia"
"718","701-750","Louisiana State University","","Baton Rouge","United States","North America"
"719","701-750","Macau University of Science and Technology","","","","Asia"
"720","701-750","Maynooth University","","Maynooth","Ireland","Europe"
"721","701-750","Memorial University of Newfoundland","","St. John's","Canada","North America"
"722","701-750","Mendel University in Brno","","Brno","Czechia","Europe"
"723","701-750","Middlesex University","","London","United Kingdom","Europe"
"724","701-750","Nanjing University of Science and Technology","","Nanjing","China","Asia"
"725","701-750","National Technical University of Ukraine ""Igor Sikorsky Kyiv Polytechnic Institute""","","Kyiv","Ukraine","Europe"
"726","701-750","Notre Dame University-Louaize NDU","","Koura","Lebanon","Asia"
"727","701-750","Riga Technical University","","Riga","Latvia","Europe"
"728","701-750","Saint Petersburg Electrotechnical University ETU-LETI","","St. Petersburg","Russia","Europe"
"729","701-750","Southern Methodist University","","Dallas","United States","North America"
"730","701-750","Stevens Institute of Technology","","Hoboken","United States","North America"
"731","701-750","Sumy State University","","Sumy","Ukraine","Europe"
"732","701-750","Sunway University","","Petaling Jaya","Malaysia","Asia"
"733","701-750","Temple University","","Philadelphia","United States","North America"
"734","701-750","Universidad Adolfo Ibáñez","","Santiago","Chile","Latin America"
"735","701-750","Universidad de San Andrés - UdeSA","","Buenos Aires","Argentina","Latin America"
"736","701-750","Universidad Iberoamericana IBERO","","Mexico City","Mexico","Latin America"
"737","701-750","Universidad Peruana Cayetano Heredia (UPCH)","","San Martin","Peru","Latin America"
"738","701-750","Universidade de Santiago de Compostela","","Santiago de Compostela","Spain","Europe"
"739","701-750","Universidade Federal do Rio Grande Do Sul ","","Porto Alegre","Brazil","Latin America"
"740","701-750","University of Trieste","","Trieste","Italy","Europe"
"741","701-750","Universität Rostock","","Rostock","Germany","Europe"
"742","701-750","Université Claude Bernard Lyon 1","","Villeurbanne","France","Europe"
"743","701-750","Université de Sherbrooke","","Sherbrooke","Canada","North America"
"744","701-750","Universiti Tenaga Nasional (UNITEN)","","Kajang","Malaysia","Asia"
"745","701-750","University of Central Florida","","Orlando","United States","North America"
"746","701-750","University of Electronic Science and Technology of China","","Chengdu","China","Asia"
"747","701-750","University of Greenwich","","","","Europe"
"748","701-750","University of Haifa","","Haifa","Israel","Asia"
"749","701-750","University of Houston","","Houston","United States","North America"
"750","701-750","University of Huddersfield","","Huddersfield","United Kingdom","Europe"
"751","701-750","University of Maryland, Baltimore County","","Baltimore","United States","North America"
"752","701-750","University of Southern Queensland","","Toowoomba","Australia","Oceania"
"753","701-750","Worcester Polytechnic Institute","","Worcester","United States","North America"
"754","701-750","Zayed University","","Abu Dhabi,","United Arab Emirates","Asia"
"755","751-800","Beijing Jiaotong University","","Beijing","China","Asia"
"756","751-800","Bournemouth University","","Poole","United Kingdom","Europe"
"757","751-800","Chongqing University","","Chongqing","China","Asia"
"758","751-800","Chungnam National University","","Daejeon","South Korea","Asia"
"759","751-800","Clarkson University","","Potsdam","United States","North America"
"760","751-800","Dankook University ","","Seoul","South Korea","Asia"
"761","751-800","Florida International University","","Miami","United States","North America"
"762","751-800","Georgia State University","","Atlanta","United States","North America"
"763","751-800","Indiana University–Purdue University Indianapolis","","Indianapolis","United States","North America"
"764","751-800","Istanbul Technical University","","Maslak-Istanbul","Turkey","Asia"
"765","751-800","Jamia Millia Islamia","","","India","Asia"
"766","751-800","Kazakh-British Technical University","","Almaty","Kazakhstan","Asia"
"767","751-800","NJSC KIMEP University","","Almaty","Kazakhstan","Asia"
"768","751-800","London South Bank University","","London","United Kingdom","Europe"
"769","751-800","Manipal Academy of Higher Education, Manipal, Karnataka, India","","Manipal","India","Asia"
"770","751-800","New Jersey Institute of Technology (NJIT)","","Newark","United States","North America"
"771","751-800","Northwest University (China)","","Xi'an","China","Asia"
"772","751-800","Nottingham Trent University","","Nottingham","United Kingdom","Europe"
"773","751-800","Oklahoma State University ","","Stillwater","United States","North America"
"774","751-800","Paris Lodron University of Salzburg","","Salzburg ","Austria","Europe"
"775","751-800","Plekhanov Russian University of Economics","","Moscow","Russia","Europe"
"776","751-800","Politecnico di Bari","","Bari","Italy","Europe"
"777","751-800","Prince Mohammad Bin Fahd university","","Al Khobar","Saudi Arabia","Asia"
"778","751-800","Universitat Rovira i Virgili","","Tarragona","Spain","Europe"
"779","751-800","Rutgers University–Newark","","Newark","United States","North America"
"780","751-800","Institut Teknologi Sepuluh Nopember (ITS Surabaya)","","Surabaya","Indonesia","Asia"
"781","751-800","Southern Cross University ","","Lismore","Australia","Oceania"
"782","751-800","Technical University of Liberec","","Liberec","Czechia","Europe"
"783","751-800","Tokyo University of Science","","Kagurazaka","Japan","Asia"
"784","751-800","Universidad Central de Venezuela","","Caracas","Venezuela","Latin America"
"785","751-800","Universidad de Guadalajara (UDG)","","Guadalajara","Mexico","Latin America"
"786","751-800","Universidad de La Sabana","","Bogotá","Colombia","Latin America"
"787","751-800","Universidad San Francisco de Quito (USFQ)","","Quito","Ecuador","Latin America"
"788","751-800","University of the Basque Country","","Leioa","Spain","Europe"
"789","751-800","Universidad del Rosario","","Bogotá","Colombia","Latin America"
"790","751-800","Ca' Foscari University of Venice ","","Venice","Italy","Europe"
"791","751-800","University of Modena and Reggio Emilia","","Modena","Italy","Europe"
"792","751-800","Università degli Studi di Perugia","","Perugia","Italy","Europe"
"793","751-800","Universität Duisburg-Essen","","Duisburg","Germany","Europe"
"794","751-800","University Duesseldorf","","Düsseldorf","Germany","Europe"
"795","751-800","Université de Lille","","","France","Europe"
"796","751-800","Universiti Malaysia Pahang","","Kuantan","Malaysia","Asia"
"797","751-800","University at Albany SUNY","","Albany","United States","North America"
"798","751-800","University of Brescia","","Brescia","Italy","Europe"
"799","751-800","University of Patras","","Patras","Greece","Europe"
"800","751-800","University of Seoul ","","Seoul","South Korea","Asia"
"801","751-800","University of Tulsa","","Tulsa","United States","North America"
"802","751-800","University of Windsor","","Windsor","Canada","North America"
"803","801-1000","Adam Mickiewicz University, Poznań","","Poznań","Poland","Europe"
"804","801-1000","American University of the Middle East","","Egaila","Kuwait","Asia"
"805","801-1000","AGH University of Science and Technology","","Krakow","Poland","Europe"
"806","801-1000","Ain Shams University ","","Cairo","Egypt","Africa"
"807","801-1000","Alexandria University ","","Alexandria","Egypt","Africa"
"808","801-1000","Aligarh Muslim University","","Aligarh","India","Asia"
"809","801-1000","Amrita Vishwa Vidyapeetham","","Amritapuri","India","Asia"
"810","801-1000","Ankara Üniversitesi","","Ankara","Turkey","Asia"
"811","801-1000","Anna University","","Chennai","India","Asia"
"812","801-1000","Athens University of Economics and Business","","Athens","Greece","Europe"
"813","801-1000","Auburn University","","Auburn","United States","North America"
"814","801-1000","Australian Catholic University","","Melbourne","Australia","Oceania"
"815","801-1000","Babes-Bolyai University","","Cluj-Napoca","Romania","Europe"
"816","801-1000","Bangladesh University of Engineering and Technology","","Dhaka","Bangladesh","Asia"
"817","801-1000","Baylor University","","Waco","United States","North America"
"818","801-1000","Beijing Foreign Studies University","","Beijing","China","Asia"
"819","801-1000","Beirut Arab University ","","Beirut","Lebanon","Asia"
"820","801-1000","Belarusian National Technical University (BNTU)","","Minsk","Belarus","Europe"
"821","801-1000","Bina Nusantara University (BINUS)","","Jakarta","Indonesia","Asia"
"822","801-1000","Binghamton University SUNY","","Binghamton","United States","North America"
"823","801-1000","Birmingham City University ","","Birmingham","United Kingdom","Europe"
"824","801-1000","Budapest University of Technology and Economics","","Budapest","Hungary","Europe"
"825","801-1000","Charles Sturt University ","","Thurgoona","Australia","Oceania"
"826","801-1000","Clemson University","","Clemson","United States","North America"
"827","801-1000","COMSATS University Islamabad","","Islamabad","Pakistan","Asia"
"828","801-1000","Corvinus University of Budapest","","Budapest","Hungary","Europe"
"829","801-1000","Cracow University of Technology (Politechnika Krakowska)","","Krakow","Poland","Europe"
"830","801-1000","Czech University of Life Sciences in Prague","","","","Europe"
"831","801-1000","De La Salle University","","Manila","Philippines","Asia"
"832","801-1000","De Montfort University","","Leicester","United Kingdom","Europe"
"833","801-1000","Edinburgh Napier University","","Edinburgh","United Kingdom","Europe"
"834","801-1000","Escuela Politécnica Nacional","","","Ecuador","Latin America"
"835","801-1000","Fordham University ","","New York City","United States","North America"
"836","801-1000","Gdańsk University of Technology","","Gdańsk","Poland","Europe"
"837","801-1000","George Mason University","","Fairfax","United States","North America"
"838","801-1000","German Jordanian University","","","Jordan","Asia"
"839","801-1000","Glasgow Caledonian University","","Glasgow","United Kingdom","Europe"
"840","801-1000","Gulf University for Science and Technology","","Kuwait City","Kuwait","Asia"
"841","801-1000","Hacettepe University ","","Ankara","Turkey","Asia"
"842","801-1000","Harbin Engineering University","","Harbin","China","Asia"
"843","801-1000","Islamic University of Madinah","","Medina","Saudi Arabia","Asia"
"844","801-1000","Istanbul University","","Istanbul","Turkey","Asia"
"845","801-1000","Karaganda State Technical University","","Karaganda","Kazakhstan","Asia"
"846","801-1000","Kasetsart University","","Bangkok","Thailand","Asia"
"847","801-1000","Kaunas University of Technology","","Kaunas","Lithuania","Europe"
"848","801-1000","Kazakh Ablai Khan University of International Relations and World Languages","","Almaty","Kazakhstan","Asia"
"849","801-1000","Kent State University","","Kent","United States","North America"
"850","801-1000","Khon Kaen University","","Khon Kaen","Thailand","Asia"
"851","801-1000","King Faisal University","","Hofuf","Saudi Arabia","Asia"
"852","801-1000","King Mongkut's University of Technology Thonburi ","","Bangkok","Thailand","Asia"
"853","801-1000","Kuwait University","","Kuwait City","Kuwait","Asia"
"854","801-1000","Kyoto Institute of Technology","","Kyoto","Japan","Asia"
"855","801-1000","Kyushu Institute of Technology ","","Kitakyushu","Japan","Asia"
"856","801-1000","Lanzhou University","","Lanzhou","China","Asia"
"857","801-1000","Liverpool John Moores University","","Liverpool ","United Kingdom","Europe"
"858","801-1000","Lodz University of Technology","","Lodz","Poland","Europe"
"859","801-1000","London Metropolitan University","","London","United Kingdom","Europe"
"860","801-1000","Loyola University Chicago","","Chicago","United States","North America"
"861","801-1000","Manchester Metropolitan University (MMU)","","Manchester ","United Kingdom","Europe"
"862","801-1000","Multimedia University (MMU)","","Cyberjaya","Malaysia","Asia"
"863","801-1000","Nagoya Institute of Technology (NIT)","","Nagoya","Japan","Asia"
"864","801-1000","National Chung Cheng University","","Minxiong Township","Taiwan","Asia"
"865","801-1000","Lviv Polytechnic National University","","","Ukraine","Europe"
"866","801-1000","Nicolaus Copernicus University ","","Toruń","Poland","Europe"
"867","801-1000","Novosibirsk State Technical University","","Novosibirsk","Russia","Europe"
"868","801-1000","Ohio University","","Athens","United States","North America"
"869","801-1000","Universitas Padjadjaran","","Bandung","Indonesia","Asia"
"870","801-1000","Perm State National Research University","","Perm","Russia","Europe"
"871","801-1000","Pontificia Universidad Católica de Valparaíso","","Valparaíso","Chile","Latin America"
"872","801-1000","Pontificia Universidad Católica del Ecuador (PUCE)","","Quito","Ecuador","Latin America"
"873","801-1000","Pontifcia Universidade Catlica de So Paulo","","São Paulo","Brazil","Latin America"
"874","801-1000","Poznań University of Technology","","","Poland","Europe"
"875","801-1000","Prince of Songkla University","","Hat Yai","Thailand","Asia"
"876","801-1000","Princess Nourah bint Abdulrahman University","","","","Asia"
"877","801-1000","Princess Sumaya University for Technology","","Amman","Jordan","Asia"
"878","801-1000","Queen Margaret University , Edinburgh","","Musselburgh","United Kingdom","Europe"
"879","801-1000","Rhodes University ","","Grahamstown","South Africa","Africa"
"880","801-1000","Riga Stradins University","","Riga","Latvia","Europe"
"881","801-1000","Ritsumeikan University","","Kyoto","Japan","Asia"
"882","801-1000","Ryerson University","","Toronto","Canada","North America"
"883","801-1000","Saitama University","","Saitama City","Japan","Asia"
"884","801-1000","San Diego State University","","San Diego ","United States","North America"
"885","801-1000","Shanghai International Studies University","","Shanghai","China","Asia"
"886","801-1000","Sheffield Hallam University","","","","Europe"
"887","801-1000","Shinshu University ","","Matsumoto City","Japan","Asia"
"888","801-1000","Shiraz University","","Shiraz","Iran","Asia"
"889","801-1000","Silesian University of Technology","","Gliwice","Poland","Europe"
"890","801-1000","Slovak University of Technology in Bratislava","","Bratislava","Slovakia","Europe"
"891","801-1000","Sophia University ","","Tokyo","Japan","Asia"
"892","801-1000","South Ural State University (National Research University)","","Chelyabinsk","Russia","Europe"
"893","801-1000","Szent Istvan University","","Budapest","Hungary","Europe"
"894","801-1000","Tallinn University ","","Tallinn","Estonia","Europe"
"895","801-1000","Technical University of Kosice","","Košice","Slovakia","Europe"
"896","801-1000","TU Dortmund University","","Dortmund","Germany","Europe"
"897","801-1000","Technological University Dublin","","Dublin","Ireland","Europe"
"898","801-1000","Tecnológico de Costa Rica -TEC","","Cartago","Costa Rica","Latin America"
"899","801-1000","Texas Tech University","","Lubbock","United States","North America"
"900","801-1000","Robert Gordon University","","Aberdeen","United Kingdom","Europe"
"901","801-1000","Russian Presidential Academy of National Economy and Public Administration","","Moscow","Russia","Europe"
"902","801-1000","Tokai University","","Hiratsuka City","Japan","Asia"
"903","801-1000","Universidad Austral de Chile","","Valdivia","Chile","Latin America"
"904","801-1000","Universidad Autonoma Chapingo","","Texcoco","Mexico","Latin America"
"905","801-1000","Universidad Autónoma del Estado de México (UAEMex)","","Toluca de Lerdo","Mexico","Latin America"
"906","801-1000","Universidad Autónoma Metropolitana (UAM)","","Mexico City","Mexico","Latin America"
"907","801-1000","Universidad Católica Andres Bello","","Caracas City","Venezuela","Latin America"
"908","801-1000","Universidad Católica del Uruguay (UCU)","","Montevideo","Uruguay","Latin America"
"909","801-1000","University of Alicante","","Alicante","Spain","Europe"
"910","801-1000","Universidad de la República (Udelar)","","Montevideo","Uruguay","Latin America"
"911","801-1000","Universidad de las Américas Puebla (UDLAP)","","Cholula","Mexico","Latin America"
"912","801-1000","Universidad de los Andes - Chile","","Santiago","Chile","Latin America"
"913","801-1000","Universidad de Los Andes - (ULA) Mérida","","Merida","Venezuela","Latin America"
"914","801-1000","University of Murcia","","Murcia","Spain","Europe"
"915","801-1000","Universidad de Oviedo","","Oviedo","Spain","Europe"
"916","801-1000","Universidad del Valle","","Cali","Colombia","Latin America"
"917","801-1000","Universidad Diego Portales (UDP)","","Santiago","Chile","Latin America"
"918","801-1000","Universidad EAFIT","","Medellin","Colombia","Latin America"
"919","801-1000","Universidad Nacional Costa Rica","","Heredia","Costa Rica","Latin America"
"920","801-1000","Universidad Nacional de Córdoba - UNC","","Córdoba","Argentina","Latin America"
"921","801-1000","Universidad Nacional de Rosario (UNR)","","Rosario","Argentina","Latin America"
"922","801-1000","Universidad Nacional de San Luis","","San Luis ","Argentina","Latin America"
"923","801-1000","Universidad Nacional Mayor de San Marcos","","Lima","Peru","Latin America"
"924","801-1000","Universidad Simón Bolívar (USB)","","Caracas","Venezuela","Latin America"
"925","801-1000","Universidad Técnica Federico Santa María (USM)","","Valparaíso","Chile","Latin America"
"926","801-1000","Universidad Tecnológica de Panamá (UTP)","","Panama City","Panama","Latin America"
"927","801-1000","Universidad Tecnológica Nacional (UTN)","","Buenos Aires","Argentina","Latin America"
"928","801-1000","Universidade Católica Portuguesa - UCP","","Lisbon","Portugal","Europe"
"929","801-1000","Universidade da Coruña ","","A Coruña","Spain","Europe"
"930","801-1000","Universidade de Brasília","","Brasília","Brazil","Latin America"
"931","801-1000","Universidade Federal de Santa Catarina ","","Florianópolis","Brazil","Latin America"
"932","801-1000","Universidade Federal de São Carlos (UFSCar)","","São Paulo","Brazil","Latin America"
"933","801-1000","Universidade Federal do Paraná - UFPR","","Curitiba","Brazil","Latin America"
"934","801-1000","Universidade Federal de Pernambuco (UFPE) ","","Recife","Brazil","Latin America"
"935","801-1000","Catania University","","Catania","Italy","Europe"
"936","801-1000","Universita' degli Studi di Ferrara","","Ferrara","Italy","Europe"
"937","801-1000","University of Salerno","","Fisciano","Italy","Europe"
"938","801-1000","Università degli Studi di Udine","","Udine","Italy","Europe"
"939","801-1000","Università degli studi Roma Tre","","Rome","Italy","Europe"
"940","801-1000","University of Calabria","","Rende","Italy","Europe"
"941","801-1000","Universita' Politecnica delle Marche","","Ancona","Italy","Europe"
"942","801-1000","University of Palermo","","Palermo","Italy","Europe"
"943","801-1000","Bielefeld University","","Bielefeld","Germany","Europe"
"944","801-1000","Universität Potsdam","","Potsdam","Germany","Europe"
"945","801-1000","Université de Lorraine","","Nancy","France","Europe"
"946","801-1000","Université de Nantes","","Nantes","France","Europe"
"947","801-1000","Université de Rennes 1","","Rennes","France","Europe"
"948","801-1000","Université de Versailles Saint-Quentin-en-Yvelines (UVSQ)","","Versailles","France","Europe"
"949","801-1000","Paul Valéry University Montpellier","","Montpellier","France","Europe"
"950","801-1000","Université Toulouse 1 Capitole","","Toulouse","France","Europe"
"951","801-1000","Universiti Malaysia Sarawak (UNIMAS)","","Kuching","Malaysia","Asia"
"952","801-1000","Universiti Tunku Abdul Rahman (UTAR)","","Sungai Long","Malaysia","Asia"
"953","801-1000","Universiti Malaysia Perlis","","Kangar","Malaysia","Asia"
"954","801-1000","The University of Alabama","","Tuscaloosa","United States","North America"
"955","801-1000","University of Baghdad","","Baghdad","Iraq","Asia"
"956","801-1000","University of Bahrain","","Zallaq","Bahrain","Asia"
"957","801-1000","University of Bari","","Bari","Italy","Europe"
"958","801-1000","University of Brighton","","","","Europe"
"959","801-1000","University of Bucharest","","Bucharest","Romania","Europe"
"960","801-1000","University of Calcutta","","Kolkata","India","Asia"
"961","801-1000","University of Central Lancashire","","Preston","United Kingdom","Europe"
"962","801-1000","University of Crete","","Heraklion","Greece","Europe"
"963","801-1000","University of Dhaka","","Dhaka","Bangladesh","Asia"
"964","801-1000","University of East London","","London","United Kingdom","Europe"
"965","801-1000","University of Engineering & Technology (UET) Lahore","","Lahore","Pakistan","Asia"
"966","801-1000","UNIVERSITY OF GDANSK","","Gdańsk","Poland","Europe"
"967","801-1000","University of Hertfordshire","","Hatfield","United Kingdom","Europe"
"968","801-1000","University of Kufa","","Kufa","Iraq","Asia"
"969","801-1000","University of Kwazulu-Natal","","Pinetown","South Africa","Africa"
"970","801-1000","University of Latvia","","Riga","Latvia","Europe"
"971","801-1000","University of Lincoln","","Lincoln","United Kingdom","Europe"
"972","801-1000","University of Lodz","","Lodz","Poland","Europe"
"973","801-1000","Universiti Malaysia Sabah (UMS)","","Kota Kinabalu","Malaysia","Asia"
"974","801-1000","University of Malta","","Msida","Malta","Europe"
"975","801-1000","University of Maribor","","Maribor","Slovenia","Europe"
"976","801-1000","University of Miskolc ","","Miskolc","Hungary","Europe"
"977","801-1000","University of Mississippi","","Oxford","United States","North America"
"978","801-1000","University of New England Australia","","Armidale","Australia","Oceania"
"979","801-1000","University of New Hampshire","","Durham","United States","North America"
"980","801-1000","University of Pardubice","","Pardubice","Czechia","Europe"
"981","801-1000","University of Parma","","Parma","Italy","Europe"
"982","801-1000","University of Rijeka","","","Croatia","Europe"
"983","801-1000","University of Salford","","Salford","United Kingdom","Europe"
"984","801-1000","University of San Diego","","San Diego","United States","North America"
"985","801-1000","University of Santo Tomas","","Manila","Philippines","Asia"
"986","801-1000","University of the Pacific","","Stockton","United States","North America"
"987","801-1000","University of the Punjab","","Lahore","Pakistan","Asia"
"988","801-1000","University of the West of England","","Bristol","United Kingdom","Europe"
"989","801-1000","University of Wroclaw","","Wroclaw","Poland","Europe"
"990","801-1000","University of Wyoming","","Laramie","United States","North America"
"991","801-1000","University of Zagreb","","Zagreb","Croatia","Europe"
"992","801-1000","Utah State University ","","Logan","United States","North America"
"993","801-1000","Verona University","","Verona","Italy","Europe"
"994","801-1000","Viet Nam National University Ho Chi Minh City (VNU-HCM)","","Ho Chi Minh City","Vietnam","Asia"
"995","801-1000","Vietnam National University, Hanoi ","","Hanoi","Vietnam","Asia"
"996","801-1000","Vytautas Magnus University","","Kaunas","Lithuania","Europe"
"997","801-1000","Wroclaw University of Science and Technology (WRUST)","","Wroclaw ","Poland","Europe"
"998","801-1000","Wuhan University of Technology","","Wuhan","China","Asia"
"999","801-1000","Xi'an Jiaotong Liverpool University","","Suzhou","China","Asia"
"1000","801-1000","Yamaguchi University ","","Yamaguchi City","Japan","Asia"
"1001","801-1000","Yeungnam University ","","Gyeongsan","South Korea","Asia"
"1002","801-1000","Yokohama National University","","Yokohama City","Japan","Asia"
"1003","1001+","Al-Azhar University","","Cairo","Egypt","Africa"
"1004","1001+","Alexandru Ioan Cuza University","","Iași","Romania","Europe"
"1005","1001+","Amity University","","Noida","India","Asia"
"1006","1001+","An-Najah National University","","Nablus","Palestinian Territories","Asia"
"1007","1001+","Aoyama Gakuin University","","Tokyo","Japan","Asia"
"1008","1001+","Assiut University ","","Asyut","Egypt","Africa"
"1009","1001+","Azerbaijan State University of Economics","","Baku","Azerbaijan","Asia"
"1010","1001+","Baku State University","","Baku","Azerbaijan","Asia"
"1011","N/A","Baylor College of Medicine","","Houston","United States","North America"
"1012","1001+","Belarusian State University of Informatics and Radioelectronics","","Minsk","Belarus","Europe"
"1013","1001+","Benemerita Universidad Autonoma de Puebla","","Puebla","Mexico","Latin America"
"1014","N/A","BI Norwegian Business School","","Oslo","Norway","Europe"
"1015","1001+","Birla Institute of Technology and Science, Pilani","","Pilani","India","Asia"
"1016","1001+","Birzeit university","","Birzeit","Palestinian Territories","Asia"
"1017","1001+","Brigham Young University","","Provo","United States","North America"
"1018","1001+","Canterbury Christ Church University","","Bexleyheath","United Kingdom","Europe"
"1019","N/A","Central European University","","Vienna","Austria","Europe"
"1020","1001+","Chung Yuan Christian University","","Taoyuan City","Taiwan","Asia"
"1021","N/A","Copenhagen Business School","","Frederiksberg","Denmark","Europe"
"1022","N/A","Cranfield University","","Bedford","United Kingdom","Europe"
"1023","1001+","Damascus University","","Damascus","Syria","Asia"
"1024","1001+","Diponegoro University","","Semarang","Indonesia","Asia"
"1025","1001+","Dokuz Eylül Üniversitesi","","Izmir","Turkey","Asia"
"1026","1001+","Doshisha University","","Kyoto","Japan","Asia"
"1027","1001+","Karaganda Buketov University","","Karaganda","Kazakhstan","Asia"
"1028","1001+","EGE UNIVERSITY","","İzmir","Turkey","Asia"
"1029","N/A","ESCP Business School - Paris","","Paris ","France","Europe"
"1030","1001+","Escuela Superior Politécnica del Litoral (ESPOL)","","Guayaquil","Ecuador","Latin America"
"1031","N/A","ESSEC Business School","","Cergy","France","Europe"
"1032","1001+","Feng Chia University","","Taichung City","Taiwan","Asia"
"1033","1001+","Fu Jen Catholic University","","New Taipei City","Taiwan","Asia"
"1034","1001+","Gazi Üniversitesi","","Ankara","Turkey","Asia"
"1035","1001+","German University in Cairo","","Cairo","Egypt","Africa"
"1036","N/A","Institut polytechnique de Grenoble - Grenoble Institute of Technology","","Grenoble","France","Europe"
"1037","1001+","Hanoi University of Science and Technology","","Hanoi","Vietnam","Asia"
"1038","N/A","HEC Paris School of Management","","Paris","France","Europe"
"1039","1001+","Helwan University ","","Helwan","Egypt","Africa"
"1040","N/A","IMT Atlantique","","Nantes","France","Europe"
"1041","N/A","INSEAD","","Fontainebleau","France","Europe"
"1042","1001+","Izmir Institute of Technology (IZTECH)","","Izmir","Turkey","Asia"
"1043","1001+","Jamia Hamdard","","New Delhi","India","Asia"
"1044","N/A","Jawaharlal Nehru University","","New Delhi","India","Asia"
"1045","N/A","Karolinska Institutet","","Stockholm","Sweden","Europe"
"1046","N/A","King Abdullah University of Science & Technology (KAUST)","","Thuwal","Saudi Arabia","Asia"
"1047","1001+","King Mongkut's Institute of Technology Ladkrabang","","Bangkok","Thailand","Asia"
"1048","1001+","Leeds Beckett University","","Leeds","United Kingdom","Europe"
"1049","N/A","London Business School","","London","United Kingdom","Europe"
"1050","1001+","Makerere University","","Kampala","Uganda","Africa"
"1051","1001+","Mansoura University","","Mansoura ","Egypt","Africa"
"1052","1001+","Marquette University","","Milwaukee","United States","North America"
"1053","1001+","Meiji University","","Tokyo","Japan","Asia"
"1054","1001+","Miami University","","Oxford","United States","North America"
"1055","1001+","Mustansiriyah University","","Baghdad","Iraq","Asia"
"1056","1001+","National Dong Hwa University","","Hualien City","Taiwan","Asia"
"1057","1001+","National Taiwan Ocean University","","Keelung City","Taiwan","Asia"
"1058","1001+","National University of Kyiv-Mohyla Academy (NaUKMA)","","","","Europe"
"1059","1001+","North-West University","","Potchefstroom","South Africa","Africa"
"1060","1001+","Northern Arizona University","","Flagstaff","United States","North America"
"1061","1001+","Panjab University","","Chandigarh","India","Asia"
"1062","1001+","S. Toraighyrov Pavlodar State University","","Pavlodar","Kazakhstan","Asia"
"1063","1001+","Pontifícia Universidade Católica do Rio Grande do Sul (PUCRS)","","Porto Alegre","Brazil","Latin America"
"1064","1001+","Rikkyo University","","Tokyo","Japan","Asia"
"1065","1001+","Russian State University for the Humanities ","","Moscow","Russia","Europe"
"1066","1001+","Saken Seifullin Kazakh Agrotechnical University","","Nur-Sultan","Kazakhstan","Asia"
"1067","N/A","Scuola Normale Superiore","","Pisa","Italy","Europe"
"1068","N/A","Sant'Anna - Scuola Universitaria Superiore Pisa","","Pisa","Italy","Europe"
"1069","1001+","Seoul National University of Science and Technology","","Seoul","South Korea","Asia"
"1070","1001+","Shahid Beheshti University (SBU)","","Tehran","Iran","Asia"
"1071","1001+","Siberian Federal University, SibFU","","Krasnoyarsk","Russia","Europe"
"1072","N/A","St George's, University of London","","London","United Kingdom","Europe"
"1073","1001+","Saint-Petersburg Mining University","","St. Petersburg","Russia","Europe"
"1074","N/A","Stockholm School of Economics","","Stockholm,","Sweden","Europe"
"1075","1001+","Suranaree University of Technology","","Nakhon Ratchasima ","Thailand","Asia"
"1076","1001+","Tamkang University","","New Taipei City","Taiwan","Asia"
"1077","1001+","Technical University of Cluj-Napoca","","","Romania","Europe"
"1078","1001+","VSB - Technical University of Ostrava","","Ostrava","Czechia","Europe"
"1079","N/A","TELECOM Paris","","Paris","France","Europe"
"1080","1001+","Thapar Institute of Engineering & Technology","","Patiala","India","Asia"
"1081","1001+","The ""Gheorghe Asachi"" Technical University of Iasi","","Iași","Romania","Europe"
"1082","1001+","The Hashemite University","","Zarqa","Jordan","Asia"
"1083","1001+","Ton Duc Thang University","","Ho Chi Minh City","Vietnam","Asia"
"1084","1001+","Tunghai University","","Taichung City","Taiwan","Asia"
"1085","1001+","Universidad Andrés Bello","","Santiago","Chile","Latin America"
"1086","1001+","Universidad Autónoma de Baja California","","Baja California","Mexico","Latin America"
"1087","1001+","Universidad Autónoma de Chile","","","Chile","Latin America"
"1088","1001+","Universidad Autónoma de Nuevo León","","San Nicolás de los Garza","Mexico","Latin America"
"1089","1001+","Universidad Autónoma de Querétaro (UAQ)","","Querétaro","Mexico","Latin America"
"1090","1001+","Universidad Autónoma de San Luis de Potosí","","San Luis Potosí","Mexico","Latin America"
"1091","1001+","Universidad Autonoma de Yucatan","","Mérida","Mexico","Latin America"
"1092","1001+","Universidad Autónoma del Estado de Morelos (UAEM)","","Cuernavaca","Mexico","Latin America"
"1093","1001+","Universidad Católica Boliviana ""San Pablo""","","La Paz","Bolivia","Latin America"
"1094","1001+","Universidad Católica de Colombia ","","Bogotá","Colombia","Latin America"
"1095","1001+","Universidad Catolica de Cordoba","","Córdoba","Argentina","Latin America"
"1096","1001+","Universidad Católica del Norte","","Antofagasta","Chile","Latin America"
"1097","1001+","Universidad Central del Ecuador","","Quito","Ecuador","Latin America"
"1098","1001+","Universidad de Castilla-La Mancha","","Ciudad Real","Spain","Europe"
"1099","1001+","Universidad de Guanajuato","","Guanajuato","Mexico","Latin America"
"1100","1001+","Universidad de La Frontera (UFRO)","","Temuco","Chile","Latin America"
"1101","1001+","Universidad de La Salle","","Bogotá","Colombia","Latin America"
"1102","1001+","Universidad de las Fuerzas Armadas ESPE (Ex - Escuela Politécnica del Ejército)","","Sangolquí","Ecuador","Latin America"
"1103","1001+","Universidad de Lima","","Lima","Peru","Latin America"
"1104","1001+","Universidad de Medellín","","Medellin","Colombia","Latin America"
"1105","1001+","Universidad de Monterrey (UDEM)","","San Pedro Garza García","Mexico","Latin America"
"1106","1001+","Universidad de Panamá - UP","","Panama City","Panama","Latin America"
"1107","1001+","Universidad de Puerto Rico","","San Juan","Puerto Rico","Latin America"
"1108","1001+","Universidad de Sonora","","Hermosillo","Mexico","Latin America"
"1109","1001+","Universidad de Talca","","Talca","Chile","Latin America"
"1110","1001+","Universidad de Valparaíso (UV)","","Valparaíso","Chile","Latin America"
"1111","1001+","Universidad del Bío-Bío","","Concepción","Chile","Latin America"
"1112","1001+","Universidad del Desarrollo (UDD)","","Santiago","Chile","Latin America"
"1113","1001+","Universidad del Norte ","","Barranquilla","Colombia","Latin America"
"1114","1001+","Universidad del Pacífico","","Jesús María","Peru","Latin America"
"1115","1001+","Universidad Industrial de Santander - UIS","","Bucaramanga","Colombia","Latin America"
"1116","1001+","Universidad Mayor de San Andrés (UMSA)","","La Paz","Bolivia","Latin America"
"1117","1001+","Universidad Metropolitana","","Caracas","Venezuela","Latin America"
"1118","1001+","Universidad Nacional Agraria la Molina","","Lima","Peru","Latin America"
"1119","1001+","Universidad Nacional de la Asunción","","San Lorenzo","Paraguay","Latin America"
"1120","1001+","Universidad Nacional de Cuyo","","Mendoza","Argentina","Latin America"
"1121","1001+","Universidad Nacional de Mar del Plata","","Mar del Plata","Argentina","Latin America"
"1122","1001+","Universidad Nacional de Quilmes","","Bernal","Argentina","Latin America"
"1123","1001+","Universidad Nacional de San Martín (UNSAM)","","Buenos Aires","Argentina","Latin America"
"1124","1001+","Universidad Nacional de Tucumà¡n","","San Miguel de Tucumán","Argentina","Latin America"
"1125","1001+","Universidad Nacional del Litoral","","Santa Fe","Argentina","Latin America"
"1126","1001+","Universidad Nacional del Sur","","Bahia Blanca","Argentina","Latin America"
"1127","1001+","Universidad Peruana de Ciencias Aplicadas","","Monterrico","Peru","Latin America"
"1128","1001+","Universidad Rey Juan Carlos","","Móstoles","Spain","Europe"
"1129","1001+","Universidade de Vigo","","","","Europe"
"1130","1001+","Universidade do Estado do Rio de Janeiro (UERJ)","","Rio de Janeiro","Brazil","Latin America"
"1131","1001+","Universidade Estadual de Londrina","","Londrina","Brazil","Latin America"
"1132","1001+","Universidade Federal da Bahia","","Salvador","Brazil","Latin America"
"1133","1001+","Universidade Federal de Santa Maria","","Santa Maria","Brazil","Latin America"
"1134","1001+","Universidade Federal de Viçosa (UFV)","","Viçosa","Brazil","Latin America"
"1135","1001+","Universidade Federal do Ceará (UFC)","","Fortaleza","Brazil","Latin America"
"1136","1001+","Universidade Federal Fluminense ","","Rio de Janeiro","Brazil","Latin America"
"1137","N/A","Bocconi University","","Milan","Italy","Europe"
"1138","1001+","Universitas Muhammadiyah Surakarta","","Surakarta","Indonesia","Asia"
"1139","1001+","Universität Siegen","","Siegen","Germany","Europe"
"1140","1001+","Université de Caen Normandie","","Caen","France","Europe"
"1141","1001+","Université de Poitiers","","Poitiers","France","Europe"
"1142","N/A","Université de Technologie de Compiègne (UTC)","","Compiègne","France","Europe"
"1143","1001+","Université Jean Moulin Lyon 3","","Lyon","France","Europe"
"1144","1001+","Université Lumière Lyon 2","","Lyon","France","Europe"
"1145","1001+","Université Mohammed V de Rabat","","Rabat","Morocco","Africa"
"1146","1001+","Université Paris-Nanterre","","Paris","France","Europe"
"1147","1001+","Universiti Malaysia Terengganu (UMT)","","Kuala Terengganu","Malaysia","Asia"
"1148","1001+","Università degli studi di Bergamo","","Bergamo","Italy","Europe"
"1149","1001+","University of Agriculture, Faisalabad ","","Faisalabad","Pakistan","Asia"
"1150","1001+","University of Arkansas Fayetteville ","","Fayetteville","United States","North America"
"1151","1001+","University of Babylon","","Hillah","Iraq","Asia"
"1152","1001+","University of Basrah","","Basrah","Iraq","Asia"
"1153","1001+","University of Belgrade","","Belgrade","Serbia","Europe"
"1154","1001+","Universitas Brawijaya ","","Malang ","Indonesia","Asia"
"1155","N/A","University of California, San Francisco","","San Francisco","United States","North America"
"1156","1001+","University of Colombo","","Colombo,","Sri Lanka","Asia"
"1157","N/A","Prague University of Economics and Business","","Prague","Czechia","Europe"
"1158","1001+","University of Ghana","","Legon","Ghana","Africa"
"1159","1001+","University of Karachi","","Karachi","Pakistan","Asia"
"1160","1001+","The University of Lahore","","Lahore","Pakistan","Asia"
"1161","1001+","University of Montana Missoula ","","Missoula ","United States","North America"
"1162","1001+","University of Mumbai","","Mumbai","India","Asia"
"1163","1001+","University of Nairobi","","Nairobi","Kenya","Africa"
"1164","1001+","University of Niš","","","Serbia","Europe"
"1165","1001+","University of Novi Sad","","Novi Sad","Serbia","Europe"
"1166","1001+","University of Ostrava","","Ostrava","Czechia","Europe"
"1167","1001+","University of Peradeniya ","","Peradeniya","Sri Lanka","Asia"
"1168","1001+","University of San Francisco","","San Francisco","United States","North America"
"1169","1001+","University of Sarajevo ","","Sarajevo","Bosnia & Herzegovina","Europe"
"1170","1001+","University of Silesia in Katowice","","Katowice","Poland","Europe"
"1171","1001+","University of Split","","Split","Croatia","Europe"
"1172","N/A","University of the Arts London","","London","United Kingdom","Europe"
"1173","1001+","University of the Western Cape","","Cape Town","South Africa","Africa"
"1174","1001+","University of West Bohemia ","","Plzen","Czechia","Europe"
"1175","1001+","University POLITEHNICA of Bucharest","","Bucharest","Romania","Europe"
"1176","1001+","Université de Toulouse II-Le Mirail","","Toulouse","France","Europe"
"1177","1001+","Vellore Institute of Technology (VIT)","","Vellore","India","Asia"
"1178","1001+","Voronezh State University","","Voronezh ","Russia","Europe"
"1179","1001+","Warsaw University of Life Sciences – SGGW (WULS-SGGW)","","Warsaw","Poland","Europe"
"1180","N/A","Weizmann Institute of Science","","Rehovot","Israel","Asia"
"1181","1001+","Universitatea de Vest din Timisoara /  West University of Timisoara","","Timișoara","Romania","Europe"
"1182","N/A","WHU - Otto Beisheim School of Management ","","Vallendar","Germany","Europe"
"1183","1001+","Yarmouk University","","Irbid","Jordan","Asia"
"1184","1001+","Yildiz Technical University","","Istanbul","Turkey","Asia"
